{"great": [0.5682557965917353, 0.17693766992299967, 0.18993643512543756, -0.2780914082047978, -0.8753156815199818, -0.14616440151329266, 0.23939092249734453, -0.31070291720579235, 0.6199832095634384, 0.16617984462002233], "cool": [0.5641256072125872, 0.13722982658305444, 0.20823648035171755, -0.29296957234563636, -0.8704480862547578, -0.18822962799771012, 0.24239616047158677, -0.29410091959922546, 0.6979644655991715, 0.21475297647656116], "brilliant": [0.5918855018013451, 0.10397786927770167, 0.18125409832798156, -0.3249417806914038, -0.8565376508947541, -0.1796672139151317, 0.26035098164719017, -0.3289324465724494, 0.6604228461904655, 0.24158225625024793], "wonderful": [0.5336813277875315, 0.15884523607312176, 0.2651843805368251, -0.34389277627100584, -0.8491692008120088, -0.1861321742254194, 0.2672408530040502, -0.3180910305972478, 0.658104175743785, 0.20044434983351075], "well": [0.5893339401809651, 0.1731181320118495, 0.2690965641747974, -0.3074019009829283, -0.8500390052604692, -0.1887189699624789, 0.2710112190336242, -0.300242150264492, 0.5689872204434445, 0.1536939961285804], "amazing": [0.5902038867844643, 0.1490229197596597, 0.2131596970565371, -0.31422646036679047, -0.9096476218964346, -0.17471907820831542, 0.27440977619393614, -0.2878009614247629, 0.6262885326051716, 0.21474172972714706], "worth": [0.5130535106477786, 0.12034173054704307, 0.19587383631804153, -0.3164369139624039, -0.8606295772705052, -0.1510116288673397, 0.22113241716100868, -0.26972358950629455, 0.6690196658223426, 0.16036078186161504], "sweet": [0.5503643010832926, 0.17143189756236132, 0.1903936253011809, -0.32242095517316, -0.8138360944646923, -0.18346270853248325, 0.23271938859805757, -0.2626053000415244, 0.625720356811847, 0.2487194300767544], "enjoyable": [0.5738392051934844, 0.12461914284456149, 0.17510717277873977, -0.33024605280163594, -0.7874929465033425, -0.17067349112504732, 0.24587717337924975, -0.28375949976958237, 0.6546620471931933, 0.2348916423233692], "boring": [0.5240450095785573, 0.1570328224773458, 0.18486578812352436, -0.2990130048224243, -0.8831747584261093, -0.18115865274114742, 0.2223591027804378, -0.3175688226803137, 0.5988034434028018, 0.17092555144264815], "bad": [0.5360316771649711, 0.08934057914047373, 0.220102659106094, -0.3095846861526973, -0.8809548868530358, -0.14538972298246008, 0.2171043713079689, -0.23807251098545715, 0.633070399803598, 0.2436985722829326], "dumb": [0.5707119169157071, 0.13801450767761775, 0.2641854971871885, -0.27134928168538636, -0.809081954557359, -0.11288020342381062, 0.28726901979309005, -0.3204195674908729, 0.6057968690648793, 0.17957977344555873], "annoying": [0.5804388073936805, 0.10213080454123975, 0.17510467165233629, -0.3301742006378939, -0.8168968873432685, -0.20307898062832583, 0.2158054190212603, -0.26101166321029456, 0.63399963084592, 0.2063614078593556], "female": [0.6029723815239836, 0.1678931853672474, 0.2252008730596756, -0.2887330648792562, -0.9146157195054562, -0.2206997036383445, 0.22384549781071936, -0.271692147248891, 0.6634932978039562, 0.23203231101065186], "male": [0.6188443180311554, 0.17591224836567165, 0.22018040161594704, -0.3645633008007947, -0.946185436990679, -0.13322604657914647, 0.2991505531133827, -0.3486196050483815, 0.7441098161765463, 0.19775997097206294], "queen": [0.5765894647154782, 0.13192743667861656, 0.25802327045267476, -0.32980320826986514, -0.8289942700272943, -0.19274329913687588, 0.23709843256162155, -0.2420315050348152, 0.5713084097409641, 0.14298922537605854], "king": [0.5560732564209728, 0.17646154128213576, 0.2831234234495479, -0.3367128855390604, -0.9461014688342685, -0.1264839506585948, 0.30612181315592185, -0.33188197122441765, 0.6792991341085514, 0.19131773485838047], "man": [0.6051631423709489, 0.17830144563644157, 0.2278462192328593, -0.2961178922019529, -0.9034636471542415, -0.14556650433904583, 0.20202598684749784, -0.26372853542419133, 0.6768741056545703, 0.21429225917611794], "woman": [0.5439297636260638, 0.10716810158149413, 0.19338139148668101, -0.3063888846272401, -0.9005115497465599, -0.19854245727352376, 0.2888241976482534, -0.31693694288027674, 0.66557694525432, 0.2486405293598408], "rain": [0.6298504912050584, 0.12301635380852777, 0.22052743188216312, -0.3041738805628178, -0.8506257387146208, -0.17339694916358045, 0.22410525920744062, -0.3446052500693223, 0.7252580609208236, 0.2424684465932567], "snow": [0.571658674146897, 0.1671575262055328, 0.2811586315804148, -0.2976175714836574, -0.9075508328669517, -0.1816726267719763, 0.2339708351704251, -0.29981480337110866, 0.7592476519212541, 0.2640055409419275], "hail": [0.42533821691139195, 0.13804553783748322, 0.21177430565076086, -0.195198078379709, -0.6816567081869009, -0.10307706377540067, 0.150719901731784, -0.2165401966104437, 0.5309049787787798, 0.1165936062687913], "coffee": [0.5362156564666707, 0.18498536534428106, 0.24044513781837565, -0.25154795848531813, -0.758515627560334, -0.14980862202505732, 0.2525722902250097, -0.24267753083317825, 0.6620631212565934, 0.22504608361898631], "tea": [0.5401340524210243, 0.17011330010004375, 0.167389541887491, -0.3114928291060685, -0.7716667733777047, -0.1754473340699853, 0.264960925870659, -0.25197352059897304, 0.6384983316665089, 0.20143552944512613]}